Date,Open,High,Low,Close,Adj Close,Volume,Industry
5/13/2016,25620,25620,25020,25060,1233.203613,12284900,IT
5/16/2016,25060,25260,24940,24960,1228.282593,11720150,IT
5/17/2016,24980,25300,24980,25280,1244.029785,9183550,IT
5/18/2016,25280,25420,25100,25360,1247.966553,9169600,IT
5/19/2016,25360,25540,25320,25400,1249.935059,10012450,IT
5/20/2016,25400,25600,25380,25380,1248.950806,7960550,IT
5/23/2016,25380,25720,25380,25720,1265.682129,8112550,IT
5/24/2016,25720,25780,25360,25420,1250.919067,10434600,IT
5/25/2016,25660,25960,25480,25900,1274.539795,11862750,IT
5/26/2016,25980,26060,25900,25920,1275.52417,12653650,IT
5/27/2016,26000,26020,25460,25640,1261.745361,13744550,IT
5/30/2016,25940,25940,25480,25600,1259.776855,10315350,IT
5/31/2016,25600,26000,25360,25840,1271.58728,62527700,IT
6/1/2016,25960,26820,25900,26660,1311.939453,23504000,IT
6/2/2016,27000,27440,26920,27300,1343.43396,23806950,IT
6/3/2016,27400,27580,27280,27540,1355.244385,17066200,IT
6/7/2016,27720,28040,27600,27960,1375.912598,23142150,IT
6/8/2016,28380,28380,27780,28120,1383.786377,18808100,IT
6/9/2016,28160,28600,28120,28600,1407.407104,25768750,IT
6/10/2016,28480,28500,28080,28120,1383.786377,14484050,IT
6/13/2016,27920,27920,27240,27420,1349.339478,15248300,IT
6/14/2016,27420,27720,27380,27600,1358.196899,12273050,IT
6/15/2016,27700,28320,27660,28260,1390.675659,15334450,IT
6/16/2016,28260,28340,27900,28180,1386.739014,14621550,IT
6/17/2016,28200,28700,28200,28520,1403.470337,16419700,IT
6/20/2016,28540,28960,28520,28620,1408.391479,13515800,IT
6/21/2016,28640,28980,28520,28960,1425.122559,10020550,IT
6/22/2016,28920,29000,28620,28900,1422.170044,8948250,IT
6/23/2016,28880,28900,28540,28600,1407.407104,11256300,IT
6/24/2016,28900,28900,27200,28000,1377.881104,20552600,IT
6/27/2016,28000,28100,27700,27960,1375.912598,11839000,IT
6/28/2016,27800,28080,27580,27980,1376.896851,10718950,IT
6/29/2016,28160,28240,27820,27920,1424.868896,10527050,IT
6/30/2016,28160,28900,27940,28500,1454.468506,13671700,IT
7/1/2016,28540,29580,28540,29320,1496.316406,14393600,IT
7/4/2016,29280,29480,29020,29320,1496.316406,7995000,IT
7/5/2016,29320,29500,29240,29380,1499.37854,7870350,IT
7/6/2016,28940,29040,28240,28420,1450.385742,16749150,IT
7/7/2016,28420,29000,28320,29000,1479.985352,11495200,IT
7/8/2016,29000,29500,28980,29200,1490.192261,13498150,IT
7/11/2016,29200,30000,29200,29780,1519.791992,14056800,IT
7/12/2016,29980,30100,29200,29280,1494.275146,11024700,IT
7/13/2016,29920,29920,29260,29620,1511.626587,10009900,IT
7/14/2016,29620,30000,29520,30000,1531.019409,12430250,IT
7/15/2016,30000,30440,29720,30360,1549.391724,11623150,IT
7/18/2016,30360,30660,30000,30660,1564.701904,11567200,IT
7/19/2016,30560,30800,30440,30660,1564.701904,10122250,IT
7/20/2016,30660,30840,30480,30800,1571.846802,7773150,IT
7/21/2016,30800,30940,30740,30860,1574.908936,8544700,IT
7/22/2016,30120,30560,30120,30320,1547.350342,8585150,IT
7/25/2016,30000,30460,29900,30040,1533.060913,7732500,IT
7/26/2016,30000,30620,29960,30600,1561.639893,7228500,IT
7/27/2016,30240,30580,30240,30540,1558.577881,6335050,IT
7/28/2016,30660,30720,29960,30140,1538.164307,9503700,IT
7/29/2016,30400,31140,30220,30780,1570.82605,14985600,IT
8/1/2016,31380,31600,31200,31360,1600.425781,11515400,IT
8/2/2016,31360,31360,30920,30960,1580.012207,8315800,IT
8/3/2016,30960,30960,30340,30340,1548.370972,7504900,IT
8/4/2016,30380,30660,30340,30340,1548.370972,7009950,IT
8/5/2016,30580,31280,30500,31220,1593.281128,6958850,IT
8/8/2016,31320,31500,31120,31380,1601.446289,11125150,IT
8/9/2016,31480,31580,31140,31340,1599.405273,9023200,IT
8/10/2016,31340,31400,30680,30820,1572.86731,12340350,IT
8/11/2016,30820,31180,30520,31180,1591.239624,10533600,IT
8/12/2016,31180,31400,30880,30900,1576.950195,10474850,IT
8/16/2016,30900,31520,30900,31360,1600.425781,10843100,IT
8/17/2016,31380,31400,31020,31320,1598.384521,7446450,IT
8/18/2016,31340,32880,31320,32800,1673.914551,18327050,IT
8/19/2016,32760,33500,32720,33500,1709.638306,16805150,IT
8/22/2016,33480,33840,33180,33300,1699.431641,12612200,IT
8/23/2016,33300,33880,33140,33740,1721.886597,11545700,IT
8/24/2016,33600,33640,32720,33060,1687.183594,15938550,IT
8/25/2016,32600,33180,32440,32780,1672.894043,14173800,IT
8/26/2016,32120,32460,32060,32240,1645.335571,12058000,IT
8/29/2016,32040,32800,31940,32800,1673.914551,8925750,IT
8/30/2016,32940,33420,32660,32900,1679.018188,7849600,IT
8/31/2016,32820,32820,32220,32400,1653.501099,20532200,IT
9/1/2016,31660,31760,31260,31740,1619.818604,18790150,IT
9/2/2016,31900,32260,31760,31940,1630.025391,8153000,IT
9/5/2016,31800,32300,31700,32120,1639.21167,8383800,IT
9/6/2016,32140,32900,31940,32860,1676.976807,7660150,IT
9/7/2016,32960,33040,32420,32420,1654.521851,9591850,IT
9/8/2016,32460,32780,32280,32780,1672.894043,12070850,IT
9/9/2016,32220,32360,31280,31500,1607.570557,13258400,IT
9/12/2016,29800,30120,29120,29300,1495.295532,26499350,IT
9/13/2016,30160,30980,29900,30540,1558.577881,24717250,IT
9/19/2016,30760,31380,30720,31160,1590.219116,22408150,IT
9/20/2016,31180,31760,31180,31700,1617.777222,12921150,IT
9/21/2016,31900,32020,31520,31840,1624.921997,10509050,IT
9/22/2016,32000,32820,31980,32360,1651.459839,11429950,IT
9/23/2016,31640,31960,31320,31420,1603.487793,18299650,IT
9/26/2016,31420,31920,31280,31360,1600.425781,14524800,IT
9/27/2016,31000,31500,30660,31380,1601.446289,9834400,IT
9/28/2016,31080,31460,31080,31340,1599.405273,8706400,IT
9/29/2016,31460,32380,31440,32000,1633.087524,11397550,IT
9/30/2016,31800,32300,31700,31960,1631.046265,11762700,IT
10/4/2016,32200,32480,32120,32280,1647.376953,13053100,IT
10/5/2016,32020,32520,31940,32380,1652.480347,12470450,IT
10/6/2016,33920,34000,33340,33820,1725.96936,29558150,IT
10/7/2016,34000,34320,33800,34120,1741.279541,26050550,IT
10/10/2016,33000,33780,32560,33600,1714.741699,25293300,IT
10/11/2016,32000,32500,30900,30900,1576.950195,38427150,IT
10/12/2016,29900,30900,29880,30700,1566.743286,39088550,IT
10/13/2016,31000,31620,30900,31140,1589.198364,21864550,IT
10/14/2016,30960,31760,30940,31540,1609.611938,14158950,IT
10/17/2016,31300,32040,30760,31800,1622.880615,12785200,IT
10/18/2016,31440,31900,31440,31780,1621.860107,10384500,IT
10/19/2016,31580,32860,31500,32500,1658.604614,15444550,IT
10/20/2016,32520,33020,32180,32400,1653.501099,10330450,IT
10/21/2016,32120,32260,31760,31780,1621.860107,10477500,IT
10/24/2016,31860,32160,31800,32160,1641.25293,9289950,IT
10/25/2016,32000,32080,31840,31940,1630.025391,9866100,IT
10/26/2016,31940,31980,31240,31340,1599.405273,10534000,IT
10/27/2016,31420,32340,31120,31460,1605.529175,14117000,IT
10/28/2016,31600,32280,31600,32280,1647.376953,10214200,IT
10/31/2016,32320,32780,32220,32780,1672.894043,12067200,IT
11/1/2016,32600,33040,32240,33040,1686.16272,10347400,IT
11/2/2016,32800,33040,32620,32860,1676.976807,10099250,IT
11/3/2016,32600,32800,32120,32320,1649.418457,10341850,IT
11/4/2016,32100,32680,32100,32540,1660.645874,7103850,IT
11/7/2016,32940,33000,32680,32800,1673.914551,7661900,IT
11/8/2016,32980,32980,32700,32880,1677.997437,5417450,IT
11/9/2016,32920,33140,31820,31920,1629.004761,15683600,IT
11/10/2016,32600,33000,32360,32980,1683.10083,11795350,IT
11/11/2016,31700,32360,31700,31960,1631.046265,12836800,IT
11/14/2016,31900,31920,31040,31060,1585.115601,15133300,IT
11/15/2016,31060,31620,30780,30780,1570.82605,13665700,IT
11/16/2016,30800,31280,30800,31160,1590.219116,13308200,IT
11/17/2016,31100,31520,30900,31360,1600.425781,7870550,IT
11/18/2016,31640,31760,31400,31720,1618.797974,9460750,IT
11/21/2016,31300,32120,31300,31860,1625.942871,8180200,IT
11/22/2016,32140,32900,32000,32800,1673.914551,9751100,IT
11/23/2016,33220,33220,32520,32980,1683.10083,12668600,IT
11/24/2016,32980,33040,32660,33000,1684.12146,7757150,IT
11/25/2016,32820,33040,32660,33000,1684.12146,6276900,IT
11/28/2016,33000,33620,32800,33540,1711.679932,13294050,IT
11/29/2016,33800,33960,33380,33540,1711.679932,18081300,IT
11/30/2016,33540,34940,33540,34920,1782.106812,28535200,IT
12/1/2016,34800,35060,34660,34980,1785.168701,15535350,IT
12/2/2016,34480,34760,34140,34540,1762.713623,15352950,IT
12/5/2016,34340,34680,34220,34360,1753.527832,8484600,IT
12/6/2016,34440,35200,34400,34960,1784.148071,14001800,IT
12/7/2016,35040,35480,35040,35440,1808.644287,9603650,IT
12/8/2016,35980,36020,35520,35800,1827.016724,16462550,IT
12/9/2016,35900,35900,35400,35600,1816.809814,10652450,IT
12/12/2016,34660,35360,34660,35040,1788.230835,11414450,IT
12/13/2016,34620,35440,34620,35320,1802.520264,11684450,IT
12/14/2016,35560,35680,35280,35540,1813.747681,7455100,IT
12/15/2016,34820,35500,34820,35180,1795.375488,5773550,IT
12/16/2016,35300,36020,35200,35860,1830.078613,11747700,IT
12/19/2016,35620,36380,35620,35900,1832.119995,5435800,IT
12/20/2016,35920,36400,35840,36240,1849.471436,7615200,IT
12/21/2016,36360,36600,36020,36100,1842.326904,6552100,IT
12/22/2016,36260,36300,35980,36180,1846.409546,6354600,IT
12/23/2016,36020,36080,35600,35640,1818.851074,8334850,IT
12/26/2016,35600,36000,35560,35960,1835.182129,4823600,IT
12/27/2016,35980,36200,35860,35980,1836.202759,4653450,IT
12/28/2016,35840,35980,35600,35760,7743.232422,6662900,IT
12/29/2016,35420,36040,35400,36040,7803.861816,7516450,IT
1/2/2017,35980,36240,35880,36100,7816.854004,4650600,IT
1/3/2017,36280,36620,36020,36480,7899.136719,7357650,IT
1/4/2017,36500,36520,36100,36160,7829.846191,7971750,IT
1/5/2017,36060,36060,35540,35560,7699.925781,10967450,IT
1/6/2017,36180,36440,36040,36200,7838.507324,8880950,IT
1/9/2017,36600,37500,36560,37220,8059.371094,13194900,IT
1/10/2017,37280,37400,37080,37240,8063.70166,9099800,IT
1/11/2017,37520,38560,37420,38280,8288.896484,12018150,IT
1/12/2017,38000,38800,37980,38800,8401.495117,11669150,IT
1/13/2017,38100,38320,37460,37460,8111.339355,15954450,IT
1/16/2017,36860,37820,36320,36660,7938.112305,16611500,IT
1/17/2017,36580,37460,36580,36960,8003.072266,8150700,IT
1/18/2017,37040,37500,36620,36940,7998.742188,8875400,IT
1/19/2017,37720,37920,37020,37480,8115.669434,9418900,IT
1/20/2017,37120,37420,36880,37200,8055.040527,9185000,IT
1/23/2017,37200,38060,37000,38060,8241.258789,8810400,IT
1/24/2017,38120,38580,37880,38160,8262.913086,11048750,IT
1/25/2017,38340,39400,38320,39400,8531.415039,13433850,IT
1/26/2017,39420,40000,39420,39900,8639.680664,15214500,IT
1/31/2017,39900,39900,39460,39460,8544.40625,17992200,IT
2/1/2017,39540,39660,39040,39120,8470.785156,14150400,IT
2/2/2017,39600,39660,39200,39360,8522.75293,15029300,IT
2/3/2017,39400,39500,39180,39460,8544.40625,10386350,IT
2/6/2017,39580,39660,39140,39560,8566.05957,8860700,IT
2/7/2017,39560,39580,38760,38820,8405.824219,14041800,IT
2/8/2017,38740,38780,38200,38400,8314.880859,17092950,IT
2/9/2017,38780,38840,38220,38400,8314.880859,13694150,IT
2/10/2017,38400,38760,38300,38360,8306.219727,11020750,IT
2/13/2017,37740,38060,37720,37960,8219.606445,11102050,IT
2/14/2017,37960,38260,37320,37580,8137.324219,13124150,IT
2/15/2017,37080,37960,37080,37720,8167.637695,14191550,IT
2/16/2017,37800,38360,37780,38020,8232.597656,10226350,IT
2/17/2017,37560,38040,37280,37860,8197.953125,15377450,IT
2/20/2017,38220,38780,38160,38660,8371.179688,7485800,IT
2/21/2017,38540,39560,38420,38940,8431.808594,10562600,IT
2/22/2017,39000,39340,38980,39300,8509.760742,8539450,IT
2/23/2017,39020,39440,39020,39180,8483.776367,10217300,IT
2/24/2017,38960,39100,38060,38220,8275.904297,9296850,IT
2/27/2017,38020,38140,37700,38060,8241.258789,9033700,IT
2/28/2017,38060,38760,37960,38440,8323.541992,15088700,IT
3/2/2017,38420,39860,38420,39720,8600.705078,21249800,IT
3/3/2017,39340,39720,39160,39620,8579.050781,12708700,IT
3/6/2017,39220,40220,39220,40080,8678.65625,12234850,IT
3/7/2017,39800,40320,39800,40200,8704.641602,10553250,IT
3/8/2017,40200,40620,40140,40200,8704.641602,12140950,IT
3/9/2017,40200,40300,40020,40200,8704.641602,14372250,IT
3/10/2017,39960,40420,39860,40180,8700.30957,10227800,IT
3/13/2017,40040,40980,40040,40600,8791.253906,7424100,IT
3/14/2017,40620,41540,40500,41360,8955.819336,11325050,IT
3/15/2017,40800,41440,40800,41400,8964.480469,9587850,IT
3/16/2017,41800,42180,41540,41840,9059.755859,9933150,IT
3/17/2017,41800,42500,41720,42400,9181.014648,12602300,IT
3/20/2017,42000,42120,41740,41900,9072.748047,10250050,IT
3/21/2017,41780,42680,41760,42560,9215.65918,14220150,IT
3/22/2017,41600,42460,41580,42460,9194.005859,16427250,IT
3/23/2017,42200,42360,41700,41800,9051.09375,15397100,IT
3/24/2017,41600,41980,41080,41500,8986.134766,12808150,IT
3/27/2017,41200,41880,41180,41200,8921.173828,12177650,IT
3/28/2017,41560,41840,41380,41480,8981.802734,8216250,IT
3/29/2017,41740,41960,41580,41780,9046.763672,10093250,IT
3/30/2017,41880,42440,41880,41980,10919.58398,8204000,IT
3/31/2017,41820,42020,41200,41200,10716.69531,10500300,IT
4/3/2017,41400,41720,41300,41440,10779.12207,9579400,IT
4/4/2017,41600,42180,41520,42080,10945.5957,12255500,IT
4/5/2017,41900,42240,41700,42140,10961.20215,10699700,IT
4/6/2017,42000,42080,41600,41840,10883.16797,9683400,IT
4/7/2017,41800,41820,41160,41600,10820.74023,10021000,IT
4/10/2017,41940,41940,41500,41940,10909.17969,7141350,IT
4/11/2017,41940,41940,41580,41600,10820.74023,7172900,IT
4/12/2017,41860,41940,41700,41900,10898.77441,8274900,IT
4/13/2017,41660,42460,41660,42420,11034.03418,9040800,IT
4/14/2017,42160,42260,41760,42020,10929.98926,5462850,IT
4/17/2017,42000,42080,41520,41560,10810.33496,5224750,IT
4/18/2017,41680,41820,41280,41500,10794.72949,6860650,IT
4/19/2017,41300,41420,40900,40900,10638.66016,11762900,IT
4/20/2017,40580,40800,40080,40280,10477.38965,21148850,IT
4/21/2017,40480,41400,40480,40760,10602.24512,15130500,IT
4/24/2017,41260,41260,40920,41240,10727.09863,8990150,IT
4/25/2017,41460,42740,41320,42700,11106.86621,19299600,IT
4/26/2017,42700,42800,42520,42800,11132.87695,14794800,IT
4/27/2017,42700,44520,41960,43840,11403.39551,23032250,IT
4/28/2017,45780,45800,44520,44620,11606.28516,22685700,IT
5/2/2017,45500,45500,44760,44900,11679.11523,14068300,IT
5/4/2017,45700,45700,44860,45520,11840.38672,13690100,IT
5/8/2017,45520,47020,45340,47020,12230.55859,19582550,IT
5/10/2017,46160,47220,45600,45600,11861.19629,23410950,IT
5/11/2017,45420,46180,45220,45500,11835.18555,21277850,IT
5/12/2017,45760,46160,45660,45820,11918.4209,9422900,IT
5/15/2017,45620,46280,45620,46100,11991.25391,8001400,IT
5/16/2017,46660,46800,46100,46380,12064.08496,8803750,IT
5/17/2017,46120,46640,46100,46340,12053.68066,7424450,IT
5/18/2017,45740,46000,45540,45940,11949.63574,11160350,IT
5/19/2017,45640,45780,44720,44720,11632.2959,15762350,IT
5/22/2017,45040,45380,44760,45100,11731.13867,17643550,IT
5/23/2017,45400,45580,44900,44920,11684.31836,12607050,IT
5/24/2017,44860,45300,44800,44880,11673.91406,8675400,IT
5/25/2017,45160,45680,44800,45680,11882.00488,13044800,IT
5/26/2017,45600,46460,45540,46080,11986.05078,13613650,IT
5/29/2017,46220,46400,45380,45620,11866.39844,8739550,IT
5/30/2017,45520,45660,44480,44640,11611.48535,12433600,IT
5/31/2017,44580,45020,44400,44700,11627.09375,18669100,IT
6/1/2017,44860,44900,44400,44680,11621.89063,9753500,IT
6/2/2017,45060,45960,45000,45960,11954.83594,12488750,IT
6/5/2017,46040,46360,45720,45940,11949.63574,7599400,IT
6/7/2017,46500,46500,45240,45300,11783.16309,13729400,IT
6/8/2017,45000,45580,45000,45160,11746.74609,13978750,IT
6/9/2017,45680,46440,45600,46100,11991.25391,11732850,IT
6/12/2017,45420,45600,45140,45380,11803.97168,10954300,IT
6/13/2017,45140,45620,45140,45400,11809.17285,8624900,IT
6/14/2017,45800,46060,45240,45360,11798.76856,10166700,IT
6/15/2017,45680,45920,45180,45680,11882.00488,9657000,IT
6/16/2017,45500,45940,45460,45580,11855.99316,17403450,IT
6/19/2017,45580,46560,45560,46560,12110.9043,11303900,IT
6/20/2017,47240,48140,47220,48140,12521.88574,15045000,IT
6/21/2017,47740,48120,47480,47480,12350.20996,9973650,IT
6/22/2017,47960,48080,47720,47960,12475.06543,11455800,IT
6/23/2017,47600,47780,47420,47620,12386.62598,9515100,IT
6/26/2017,47520,48360,47520,48280,12558.30078,8552800,IT
6/27/2017,48220,48400,47900,48300,12563.50391,9616750,IT
6/28/2017,47600,48000,47560,47700,12407.43555,9572500,IT
6/29/2017,48040,48320,47940,47940,14614.55566,8306550,IT
6/30/2017,47500,47620,47100,47540,14492.61523,11877550,IT
7/3/2017,47500,47780,47120,47220,14395.06348,6805550,IT
7/4/2017,47160,47400,46900,47000,14327.99512,7961000,IT
7/5/2017,46820,47680,46780,47580,14504.80957,10640250,IT
7/6/2017,48000,48100,47720,48060,14651.1377,10923050,IT
7/7/2017,47740,48120,47620,47860,14590.16797,8131900,IT
7/10/2017,48500,48900,48320,48660,14834.04883,10792750,IT
7/11/2017,48640,49000,48280,49000,14937.69824,9717800,IT
7/12/2017,49000,50000,48840,49880,15205.9668,9486150,IT
7/13/2017,50080,50940,50040,50560,15413.2666,16034150,IT
7/14/2017,51000,51080,50420,50480,15388.87891,8239000,IT
7/17/2017,50900,51020,50520,50640,15437.6543,8976100,IT
7/18/2017,50420,50880,50360,50840,15498.625,7084450,IT
7/19/2017,50620,50820,50000,50740,15468.13867,11157500,IT
7/20/2017,50760,51320,50560,51200,15608.37109,8367600,IT
7/21/2017,50860,51160,50520,51080,15571.78809,8449050,IT
7/24/2017,50700,51000,50620,50860,15504.7207,7099750,IT
7/25/2017,50500,50760,49940,50000,15242.54981,10810600,IT
7/26/2017,49600,50020,49300,49840,15193.77344,11224800,IT
7/27/2017,50000,50640,49560,49800,15181.5791,11449500,IT
7/28/2017,49800,49800,47380,47760,14559.68262,26168300,IT
7/31/2017,47420,48240,46920,48200,14693.81738,12701400,IT
8/1/2017,48000,48840,47540,48600,14815.75781,11369500,IT
8/2/2017,49200,49340,48600,49000,14937.69824,7777450,IT
8/3/2017,49000,49000,47120,47780,14565.78027,15540800,IT
8/4/2017,48160,48180,47500,47700,14541.39258,8359200,IT
8/7/2017,47500,48080,47440,47580,14504.80957,7218250,IT
8/8/2017,47980,48260,47480,47720,14547.48828,7979600,IT
8/9/2017,47400,47400,46240,46280,14108.50391,14555400,IT
8/10/2017,46200,46320,45460,45900,13992.66016,22986150,IT
8/11/2017,45120,45300,44220,44620,13602.45117,25407300,IT
8/14/2017,45120,45400,44720,45000,13718.29395,19185600,IT
8/16/2017,46220,46380,46000,46200,14084.11426,21913650,IT
8/17/2017,46960,47300,46740,47040,14340.18945,12415850,IT
8/18/2017,46760,47240,46240,46900,14297.51172,10477950,IT
8/21/2017,47240,47240,46580,46840,14279.21973,5103450,IT
8/22/2017,46820,47160,46700,47000,14327.99512,7381750,IT
8/23/2017,47780,47780,47180,47480,14474.3252,9384700,IT
8/24/2017,47520,47660,47340,47520,14486.51856,8657450,IT
8/25/2017,47880,47880,46720,47020,14334.09375,11243550,IT
8/28/2017,47020,47240,45960,46100,14053.63086,9962100,IT
8/29/2017,45640,46080,45160,46080,14047.53223,12623650,IT
8/30/2017,46380,46400,45960,46200,14084.11426,7513000,IT
8/31/2017,46220,46640,46000,46320,14120.69727,11011700,IT
9/1/2017,46460,46640,46300,46480,14169.47266,10641700,IT
9/4/2017,45780,46360,45500,46040,14035.33887,7943500,IT
9/5/2017,46240,46900,45960,46760,14254.83203,11716100,IT
9/6/2017,46760,47180,46700,47000,14327.99512,10811050,IT
9/7/2017,47000,48220,47000,48120,14669.42969,9676500,IT
9/8/2017,48700,49180,48580,49080,14962.08594,10893000,IT
9/11/2017,49700,50180,49500,49800,15181.5791,10374750,IT
9/12/2017,50200,50220,49140,49600,15120.60938,12029750,IT
9/13/2017,49820,50400,49440,49620,15126.70508,9357000,IT
9/14/2017,50060,50320,49760,50300,15334.00488,14204750,IT
9/15/2017,50300,50560,49860,50400,15364.49023,10757300,IT
9/18/2017,50540,52480,50520,52480,15998.58008,11524950,IT
9/19/2017,52500,52640,51780,52120,15888.83398,9850400,IT
9/20/2017,52120,52500,51840,52220,15919.31738,9292750,IT
9/21/2017,52220,52960,52220,52800,16096.13184,8839800,IT
9/25/2017,53000,53680,53000,53620,16346.10938,9303100,IT
9/26/2017,53620,53620,53620,53620,16346.10938,0,IT
9/27/2017,52000,52200,51500,51680,15754.69922,10797000,IT
9/28/2017,52260,52460,51260,51260,18074.88672,12025450,IT
9/29/2017,51180,51620,50840,51280,18081.9375,12909400,IT
10/10/2017,53360,53640,52800,52800,18617.9082,20519800,IT
10/11/2017,53600,54760,53340,54640,19266.71289,13652150,IT
10/12/2017,54840,55160,54100,54800,19323.13086,13890700,IT
10/13/2017,54540,54840,53780,54000,19041.04297,12601650,IT
10/16/2017,53980,54860,53760,53920,19012.83203,9769950,IT
10/17/2017,54020,55380,54000,54800,19323.13086,10607800,IT
10/18/2017,54820,55240,54040,54760,19309.02734,10110750,IT
10/19/2017,54700,54700,52980,52980,18681.37695,12108700,IT
10/20/2017,52800,54100,52800,53840,18984.625,8027050,IT
10/23/2017,54600,54640,54000,54300,19146.82617,8311050,IT
10/24/2017,54700,54780,54040,54040,19055.14648,5806050,IT
10/25/2017,54040,54420,53700,53900,19005.78125,5882850,IT
10/26/2017,53720,53900,52400,52400,18476.86328,9776550,IT
10/27/2017,52400,53320,52140,53080,18716.63867,7392500,IT
10/30/2017,53780,54320,53700,54040,19055.14648,8196150,IT
10/31/2017,54060,55440,53500,55080,19421.86328,13381550,IT
11/1/2017,57500,57500,56180,57220,20176.45313,14510250,IT
11/2/2017,57500,57520,56760,57060,20120.03516,10721050,IT
11/3/2017,57060,57140,55860,56380,19880.25781,9935800,IT
11/6/2017,56380,56500,55340,56380,19880.25781,9000950,IT
11/7/2017,56380,56920,55860,56100,19781.52734,7464550,IT
11/8/2017,56100,57060,55860,56760,20014.25,8520200,IT
11/9/2017,56920,56920,55900,56340,19866.1543,11994050,IT
11/10/2017,55800,56540,55780,56400,19887.31055,6748800,IT
11/13/2017,56400,56800,56100,56380,19880.25781,8806650,IT
11/14/2017,56380,56740,55920,55920,19718.05664,6725000,IT
11/15/2017,55920,56320,55320,55340,19513.54102,8816950,IT
11/16/2017,55440,56000,55400,55780,19668.69141,7640700,IT
11/17/2017,56400,56880,55820,55820,19682.79492,10733150,IT
11/20/2017,55900,55980,55200,55200,19464.17578,9472750,IT
11/21/2017,55400,55840,55280,55280,19492.38477,10324700,IT
11/22/2017,55980,56200,55620,55960,19732.16211,7952950,IT
11/23/2017,55960,55980,55020,55300,19499.4375,6272900,IT
11/24/2017,55300,55500,55180,55460,19555.85547,4536200,IT
11/27/2017,55360,55360,52640,52640,18561.49023,18128900,IT
11/28/2017,52700,53280,51720,53280,18787.16211,13499400,IT
11/29/2017,53200,53240,52500,52600,18547.38477,9590250,IT
11/30/2017,50800,51860,50200,50800,17912.68359,29634150,IT
12/1/2017,50800,51780,50800,50840,17926.78906,12868600,IT
12/4/2017,50840,51340,50020,51340,18103.09375,14865050,IT
12/5/2017,50600,51300,50280,51260,18074.88672,9326550,IT
12/6/2017,51260,51560,50020,50020,17637.64648,10889200,IT
12/7/2017,50040,50980,50020,50740,17891.52734,11065600,IT
12/8/2017,51360,52000,51040,52000,18335.81836,11290450,IT
12/11/2017,52000,52040,51500,51780,18258.24414,8125850,IT
12/12/2017,51820,52100,51660,52100,18371.08008,8765050,IT
12/13/2017,52100,52100,51100,51320,18096.04297,11333700,IT
12/14/2017,51320,52280,51060,51060,18004.36328,20310400,IT
12/15/2017,51240,51480,50520,50620,17849.21289,14928550,IT
12/18/2017,50620,51240,50620,51200,18053.72852,7350250,IT
12/19/2017,51540,52080,51520,51560,18180.66797,11978600,IT
12/21/2017,51000,51060,49100,49140,17327.34766,15624300,IT
12/22/2017,49400,49960,49240,49700,17524.81055,11199650,IT
12/26/2017,49760,50100,48200,48200,16995.89258,16039850,IT
12/27/2017,48960,49560,48460,49360,31420.12305,10743600,IT
12/28/2017,49560,50960,49500,50960,32438.60352,8985450,IT
1/2/2018,51380,51400,50780,51020,32476.79688,8474250,IT
1/3/2018,52540,52560,51420,51620,32858.72656,10013500,IT
1/4/2018,52120,52180,50640,51080,32514.99023,11695450,IT
1/5/2018,51300,52120,51200,52120,33177.00391,9481150,IT
1/8/2018,52400,52520,51500,52020,33113.34766,8383650,IT
1/9/2018,51460,51720,49980,50400,32082.13477,18013600,IT
1/10/2018,50500,50520,48640,48840,31089.11719,18566800,IT
1/11/2018,48200,49260,48020,48240,30707.1875,25123800,IT
1/12/2018,48240,48480,46760,48200,30681.72461,27270450,IT
1/15/2018,48800,48980,47920,48540,30898.15234,10096000,IT
1/16/2018,48760,50140,48620,50000,31827.51563,20389650,IT
1/17/2018,50020,50020,49060,49620,31585.62695,11053050,IT
1/18/2018,50020,50640,49820,49900,31763.85938,14848850,IT
1/19/2018,50380,50380,49040,49320,31394.66211,9219950,IT
1/22/2018,48640,48680,47960,48240,30707.1875,12520900,IT
1/23/2018,48660,49160,48300,49160,31292.8125,13532700,IT
1/24/2018,48860,49700,48560,49340,31407.39258,9550500,IT
1/25/2018,49220,50360,49160,50260,31993.01758,11160350,IT
1/26/2018,50500,50780,49840,50780,32324.02539,10350100,IT
1/29/2018,51200,51480,50900,51220,32604.10742,11838800,IT
1/30/2018,50440,50640,49780,49800,31700.20508,12284550,IT
1/31/2018,50020,54140,49600,49900,31763.85938,64681300,IT
2/1/2018,50620,50960,49720,49820,31712.93555,27609450,IT
2/2/2018,49380,49400,47700,47700,30363.44922,29260350,IT
2/5/2018,46500,48320,46000,47920,30503.49023,28357900,IT
2/6/2018,46600,47920,46580,47420,30185.21484,19406450,IT
2/7/2018,48240,48260,45800,45800,29154.00391,23448050,IT
2/8/2018,46120,46620,45980,46000,29281.31445,23251050,IT
2/9/2018,44440,45180,44420,44700,28453.79883,17465000,IT
2/12/2018,45100,46320,45040,45720,29103.08008,15754950,IT
2/13/2018,46200,48060,46200,47540,30261.60156,18923250,IT
2/14/2018,48080,49100,47940,49000,31190.96484,18905900,IT
2/19/2018,49800,49800,47860,48380,30796.30469,15353450,IT
2/20/2018,48040,48160,47220,47400,30172.48438,10122600,IT
2/21/2018,47280,47580,46840,47280,30096.09766,12880200,IT
2/22/2018,47260,47260,46760,46760,29765.0918,8869950,IT
2/23/2018,46760,47800,46760,47220,30057.90625,12423300,IT
2/26/2018,47280,47560,47080,47380,30159.75391,9560650,IT
2/27/2018,48360,48380,47380,47380,30159.75391,9830550,IT
2/28/2018,47380,48100,47000,47060,29956.05664,15162350,IT
3/2/2018,46580,46800,46000,46020,29294.04492,13265500,IT
3/5/2018,45820,46160,45080,45200,28772.07422,14100950,IT
3/6/2018,45920,47100,45820,47020,29930.5957,15423350,IT
3/7/2018,48200,48900,47220,48620,30949.07617,21427050,IT
3/8/2018,49200,49480,48080,49200,31318.27539,19463650,IT
3/9/2018,49440,50540,49240,49740,31662.01172,14304400,IT
3/12/2018,50560,50780,49580,49740,31662.01172,8688950,IT
3/13/2018,50760,51660,50360,51660,32884.1875,20098700,IT
3/14/2018,51020,52000,51000,51760,32947.84375,12713250,IT
3/15/2018,52000,52020,51020,51540,32807.80469,8882450,IT
3/16/2018,51220,51420,50240,51140,32553.18359,12184900,IT
3/19/2018,50620,51340,50440,50740,32298.5625,8218850,IT
3/20/2018,50700,51200,50100,51200,32591.375,8193250,IT
3/21/2018,51780,51780,51060,51060,32502.25781,8905200,IT
3/22/2018,51060,51780,51040,51780,32960.57422,8454100,IT
3/23/2018,50340,50720,49600,49720,31649.28125,14854950,IT
3/26/2018,49420,50280,49040,50280,32005.75,10057750,IT
3/27/2018,50320,50460,49080,49980,31814.78516,11874000,IT
3/28/2018,49100,49100,48340,48700,31000,15159450,IT
3/29/2018,48700,49560,48320,49040,49040,10067000,IT
3/30/2018,49080,49900,49080,49220,49220,7777100,IT
4/2/2018,49000,49220,48500,48540,48540,7115650,IT
4/3/2018,47880,48140,47280,48120,48120,12768250,IT
4/4/2018,48160,48260,46920,46920,46920,12384200,IT
4/5/2018,47400,49380,47340,48740,48740,13245600,IT
4/6/2018,48000,48580,47400,48400,48400,12532700,IT
4/9/2018,48260,49440,48200,49200,49200,9950400,IT
4/10/2018,48540,49220,48040,48880,48880,10984350,IT
4/11/2018,49900,49900,48600,48860,48860,10051100,IT
4/12/2018,49440,49440,48880,49000,49000,12466250,IT
4/13/2018,49600,50180,49400,49800,49800,10278300,IT
4/16/2018,50320,50600,49860,50340,50340,7877450,IT
4/17/2018,50240,50540,49820,49980,49980,7772000,IT
4/18/2018,51000,51360,50580,51360,51360,13462600,IT
4/19/2018,52000,52980,51540,52780,52780,17190550,IT
4/20/2018,51800,52260,51420,51620,51620,11761000,IT
4/23/2018,51000,52080,51000,51900,51900,11619000,IT
4/24/2018,51840,51860,50080,50460,50460,15770300,IT
4/25/2018,49220,50500,49220,50400,50400,16614600,IT
4/26/2018,50420,52160,50400,52140,52140,18046550,IT
4/27/2018,53380,53640,52440,53000,53000,30310800,IT
4/30/2018,53000,53000,53000,53000,53000,0,IT
5/2/2018,53000,53000,53000,53000,53000,0,IT
5/3/2018,53000,53000,53000,53000,53000,0,IT
5/4/2018,53000,53900,51800,51900,51900,39565391,IT
5/8/2018,52600,53200,51900,52600,52600,23104720,IT
5/9/2018,52600,52800,50900,50900,50900,16128305,IT
5/10/2018,51700,51700,50600,51600,51600,13905263,IT
5/11/2018,52000,52200,51200,51300,51300,10314997,IT
